window,ig_bits,auc,ece,positives
1,0.13353703646824663,0.9152067539627844,0.02005650170962386,100
2,0.18108717241113845,0.9014795573744437,0.01798130132858614,143
3,0.11068981475455779,0.8855008231664104,0.030804717814785887,129
4,0.13334094490643722,0.9146081197975015,0.019241465613535937,97
5,0.11261178092467865,0.8598880102716694,0.03858937412600308,139
6,0.148769001740233,0.9400241212956582,0.02622757795426303,100
7,0.179170262208723,0.9545612837145783,0.02639054753999476,101
8,0.24488300071144664,0.9481370449678801,0.024136535595754894,150
9,0.1753662388126956,0.9495107049473167,0.02995587794248094,107
10,0.18603277864418546,0.9125697902519994,0.013384250856996193,141
11,0.10625530486852144,0.899146466370775,0.02472884848186948,101
12,0.1041500887915214,0.9518366958507802,0.035665476408161215,71
13,0.18652832362534674,0.9143110256150653,0.022553830964515343,140
14,0.21292272718787308,0.9185338230792777,0.036720055797750714,165
15,0.19193465053466874,0.9039546709553868,0.027705423791317123,154
