parameter,value
categorical_features,from_dtype
class_weight,
early_stopping,auto
interaction_cst,
l2_regularization,1.0
learning_rate,0.06
loss,log_loss
max_bins,255
max_depth,
max_features,1.0
max_iter,120
max_leaf_nodes,31
min_samples_leaf,20
monotonic_cst,
n_iter_no_change,10
random_state,42
scoring,loss
tol,1e-07
validation_fraction,0.1
verbose,0
warm_start,False
boosting_iterations_run,120
max_iter_configured,120
early_stopping_active,True
trees,120
leaves_total,3720
nodes_total,7320
split_nodes_total,3600
learned_parameters_approx,10920
max_depth_reached,15
mean_leaves_per_tree,31.0
