mask_id,lat,lon
provisional_0000,36.0,-90.0
provisional_0001,36.0,-89.5
provisional_0002,36.5,-90.0
provisional_0003,35.5,-84.5
provisional_0004,36.5,-89.5
provisional_0005,32.5,-80.5
provisional_0006,35.0,-84.5
provisional_0007,40.5,-75.0
provisional_0008,34.5,-85.5
provisional_0009,35.5,-90.0
provisional_0010,35.0,-85.0
provisional_0011,36.0,-84.0
provisional_0012,35.5,-84.0
provisional_0013,35.5,-85.0
provisional_0014,37.5,-78.0
provisional_0015,34.0,-81.0
provisional_0016,35.0,-85.5
provisional_0017,47.5,-70.5
provisional_0018,47.0,-70.5
provisional_0019,36.0,-81.5
provisional_0020,42.5,-74.5
provisional_0021,45.5,-75.0
provisional_0022,41.5,-81.5
provisional_0023,45.5,-75.5
provisional_0024,34.5,-85.0
provisional_0025,35.0,-83.5
provisional_0026,44.5,-75.0
provisional_0027,47.5,-70.0
provisional_0028,45.5,-67.5
provisional_0029,38.0,-88.0
provisional_0030,33.0,-80.5
provisional_0031,38.0,-81.5
provisional_0032,34.0,-81.5
provisional_0033,47.0,-67.0
provisional_0034,36.0,-83.5
provisional_0035,43.0,-72.0
provisional_0036,44.5,-74.0
provisional_0037,46.0,-75.5
provisional_0038,37.5,-81.5
provisional_0039,37.5,-82.0
provisional_0040,45.0,-74.5
provisional_0041,35.5,-83.0
provisional_0042,36.5,-84.0
provisional_0043,46.0,-75.0
provisional_0044,33.5,-87.5
provisional_0045,33.5,-82.5
provisional_0046,37.0,-89.5
provisional_0047,45.5,-74.5
provisional_0048,34.0,-86.0
provisional_0049,35.0,-84.0
provisional_0050,37.5,-78.5
provisional_0051,40.0,-76.5
provisional_0052,37.0,-89.0
provisional_0053,39.0,-77.0
provisional_0054,34.5,-86.0
provisional_0055,37.0,-82.0
provisional_0056,45.0,-74.0
provisional_0057,33.0,-83.5
provisional_0058,34.5,-86.5
provisional_0059,44.5,-68.0
provisional_0060,35.5,-85.5
provisional_0061,36.5,-83.5
provisional_0062,43.5,-71.5
provisional_0063,32.5,-88.5
provisional_0064,35.0,-86.0
provisional_0065,41.0,-74.0
provisional_0066,36.0,-84.5
provisional_0067,36.5,-81.5
provisional_0068,37.0,-90.0
provisional_0069,45.5,-76.0
provisional_0070,34.5,-87.5
provisional_0071,36.0,-83.0
provisional_0072,37.0,-81.0
provisional_0073,41.5,-72.0
provisional_0074,46.5,-67.0
provisional_0075,35.0,-83.0
provisional_0076,35.5,-83.5
provisional_0077,40.5,-74.5
provisional_0078,43.5,-74.5
provisional_0079,45.0,-69.5
provisional_0080,35.5,-82.5
provisional_0081,34.0,-82.5
provisional_0082,37.0,-83.5
provisional_0083,38.5,-81.0
provisional_0084,44.5,-75.5
provisional_0085,45.0,-67.0
provisional_0086,47.0,-71.0
provisional_0087,33.5,-88.0
provisional_0088,36.0,-82.0
provisional_0089,40.0,-77.0
provisional_0090,41.0,-74.5
provisional_0091,44.5,-74.5
provisional_0092,45.0,-75.0
provisional_0093,45.0,-67.5
provisional_0094,45.5,-74.0
provisional_0095,35.0,-82.5
provisional_0096,36.0,-82.5
provisional_0097,43.5,-76.5
provisional_0098,45.5,-76.5
provisional_0099,41.0,-81.0
provisional_0100,43.0,-78.5
provisional_0101,44.0,-70.5
provisional_0102,45.0,-75.5
provisional_0103,45.5,-66.5
provisional_0104,34.0,-87.5
provisional_0105,35.5,-81.5
provisional_0106,38.0,-82.0
provisional_0107,38.5,-84.0
provisional_0108,41.5,-81.0
provisional_0109,43.5,-72.0
provisional_0110,44.5,-69.0
provisional_0111,36.5,-84.5
provisional_0112,37.5,-90.0
provisional_0113,44.0,-68.5
provisional_0114,45.0,-73.5
provisional_0115,45.5,-73.5
provisional_0116,33.0,-87.5
provisional_0117,33.0,-87.0
provisional_0118,34.0,-85.5
provisional_0119,36.0,-80.5
provisional_0120,38.0,-84.0
provisional_0121,39.5,-76.0
provisional_0122,41.5,-71.0
provisional_0123,43.5,-73.5
provisional_0124,44.0,-70.0
provisional_0125,44.5,-68.5
provisional_0126,45.5,-69.5
provisional_0127,31.0,-87.5
provisional_0128,34.5,-88.0
provisional_0129,37.0,-87.5
provisional_0130,37.5,-81.0
provisional_0131,38.0,-81.0
provisional_0132,40.0,-77.5
provisional_0133,40.0,-76.0
provisional_0134,42.5,-71.5
provisional_0135,43.0,-79.0
provisional_0136,43.0,-71.5
provisional_0137,43.5,-70.5
provisional_0138,46.0,-66.0
provisional_0139,46.5,-71.5
provisional_0140,33.5,-81.5
provisional_0141,34.5,-83.0
provisional_0142,36.0,-85.0
provisional_0143,36.5,-81.0
provisional_0144,38.0,-89.5
provisional_0145,44.5,-71.0
provisional_0146,45.0,-76.0
provisional_0147,33.5,-86.0
provisional_0148,33.5,-83.0
provisional_0149,36.5,-89.0
provisional_0150,37.0,-80.5
provisional_0151,42.5,-79.0
provisional_0152,42.5,-71.0
provisional_0153,43.0,-79.5
provisional_0154,43.5,-78.0
provisional_0155,44.0,-75.0
provisional_0156,44.0,-74.0
provisional_0157,44.0,-69.5
provisional_0158,46.0,-76.0
provisional_0159,46.0,-73.0
provisional_0160,47.0,-76.5
provisional_0161,47.0,-66.5
provisional_0162,33.5,-84.5
provisional_0163,37.5,-89.0
provisional_0164,37.5,-82.5
provisional_0165,38.0,-90.0
provisional_0166,38.5,-88.0
provisional_0167,39.5,-76.5
provisional_0168,43.0,-74.0
provisional_0169,43.5,-79.0
provisional_0170,43.5,-71.0
provisional_0171,44.0,-71.5
provisional_0172,45.0,-68.0
provisional_0173,45.0,-66.5
provisional_0174,45.5,-77.5
provisional_0175,45.5,-69.0
provisional_0176,45.5,-66.0
provisional_0177,33.0,-86.5
provisional_0178,33.0,-82.0
provisional_0179,33.0,-81.5
provisional_0180,34.0,-88.0
provisional_0181,34.5,-84.5
provisional_0182,34.5,-80.5
provisional_0183,35.0,-87.5
provisional_0184,37.0,-81.5
provisional_0185,37.5,-83.5
provisional_0186,38.0,-88.5
provisional_0187,38.0,-82.5
provisional_0188,38.5,-90.0
provisional_0189,38.5,-82.5
provisional_0190,42.5,-78.5
provisional_0191,42.5,-72.0
provisional_0192,43.0,-71.0
provisional_0193,43.5,-75.5
provisional_0194,43.5,-72.5
provisional_0195,44.0,-72.5
provisional_0196,44.0,-71.0
provisional_0197,46.5,-71.0
provisional_0198,34.0,-84.5
provisional_0199,34.0,-83.0
provisional_0200,34.5,-87.0
provisional_0201,35.0,-86.5
provisional_0202,35.5,-81.0
provisional_0203,36.5,-83.0
provisional_0204,37.0,-87.0
provisional_0205,37.0,-83.0
provisional_0206,39.5,-75.5
provisional_0207,41.0,-71.5
provisional_0208,41.5,-71.5
provisional_0209,44.0,-76.5
provisional_0210,44.0,-75.5
provisional_0211,44.0,-74.5
provisional_0212,44.0,-66.5
provisional_0213,44.5,-67.5
provisional_0214,45.0,-71.0
provisional_0215,45.5,-68.0
provisional_0216,46.0,-81.5
provisional_0217,46.0,-74.5
provisional_0218,46.5,-67.5
provisional_0219,46.5,-66.5
provisional_0220,32.5,-88.0
provisional_0221,32.5,-87.5
provisional_0222,33.5,-87.0
provisional_0223,35.0,-88.5
provisional_0224,35.5,-89.5
provisional_0225,35.5,-87.0
provisional_0226,37.0,-84.0
provisional_0227,37.5,-85.0
provisional_0228,37.5,-80.5
provisional_0229,38.0,-89.0
provisional_0230,38.0,-83.5
provisional_0231,38.5,-88.5
provisional_0232,39.0,-77.5
provisional_0233,40.5,-75.5
provisional_0234,40.5,-74.0
provisional_0235,41.0,-72.0
provisional_0236,42.0,-71.5
provisional_0237,42.5,-72.5
provisional_0238,44.5,-70.5
provisional_0239,44.5,-70.0
provisional_0240,45.0,-68.5
provisional_0241,45.5,-77.0
provisional_0242,46.0,-88.0
provisional_0243,46.0,-73.5
provisional_0244,46.0,-67.0
provisional_0245,46.0,-66.5
provisional_0246,46.5,-70.5
provisional_0247,46.5,-66.0
provisional_0248,30.0,-80.0
provisional_0249,33.0,-88.0
provisional_0250,34.5,-88.5
provisional_0251,34.5,-82.5
provisional_0252,35.0,-88.0
provisional_0253,36.0,-89.0
provisional_0254,36.0,-80.0
provisional_0255,36.5,-82.5
provisional_0256,36.5,-82.0
provisional_0257,37.0,-78.5
provisional_0258,37.5,-88.5
provisional_0259,37.5,-87.5
provisional_0260,38.0,-87.5
provisional_0261,38.0,-86.5
provisional_0262,38.0,-78.0
provisional_0263,38.5,-89.5
provisional_0264,39.5,-81.5
provisional_0265,40.0,-84.5
provisional_0266,40.0,-74.5
provisional_0267,41.0,-80.5
provisional_0268,41.5,-83.5
provisional_0269,41.5,-80.5
provisional_0270,41.5,-73.0
provisional_0271,41.5,-72.5
provisional_0272,42.5,-78.0
provisional_0273,43.0,-77.0
provisional_0274,43.0,-74.5
provisional_0275,43.0,-70.5
provisional_0276,43.5,-78.5
provisional_0277,43.5,-69.5
provisional_0278,44.0,-72.0
provisional_0279,44.5,-76.0
provisional_0280,44.5,-73.5
provisional_0281,45.5,-72.5
provisional_0282,46.5,-81.0
provisional_0283,46.5,-77.0
provisional_0284,47.0,-68.5
provisional_0285,49.5,-66.5
provisional_0286,33.0,-83.0
provisional_0287,33.5,-86.5
provisional_0288,34.0,-86.5
provisional_0289,34.5,-82.0
provisional_0290,34.5,-81.0
provisional_0291,35.0,-87.0
provisional_0292,35.0,-81.0
provisional_0293,35.5,-88.5
provisional_0294,37.0,-82.5
provisional_0295,37.5,-88.0
provisional_0296,38.0,-80.5
provisional_0297,38.0,-79.5
provisional_0298,38.5,-83.5
provisional_0299,38.5,-83.0
provisional_0300,39.0,-81.5
provisional_0301,40.0,-78.0
provisional_0302,40.0,-75.0
provisional_0303,40.0,-74.0
provisional_0304,40.5,-81.5
provisional_0305,41.0,-73.0
provisional_0306,41.0,-72.5
provisional_0307,41.5,-66.0
provisional_0308,42.0,-82.5
provisional_0309,42.0,-71.0
provisional_0310,42.5,-79.5
provisional_0311,42.5,-70.5
provisional_0312,43.0,-80.0
provisional_0313,43.0,-77.5
provisional_0314,44.0,-76.0
provisional_0315,44.0,-69.0
provisional_0316,44.0,-68.0
provisional_0317,44.5,-89.5
provisional_0318,44.5,-71.5
provisional_0319,44.5,-69.5
provisional_0320,45.0,-76.5
provisional_0321,45.0,-70.5
provisional_0322,45.0,-66.0
provisional_0323,45.5,-73.0
provisional_0324,45.5,-71.5
provisional_0325,45.5,-70.5
provisional_0326,46.0,-74.0
provisional_0327,46.0,-72.5
provisional_0328,46.0,-67.5
provisional_0329,46.5,-76.5
provisional_0330,46.5,-76.0
provisional_0331,46.5,-75.5
provisional_0332,47.0,-71.5
provisional_0333,49.0,-67.0
provisional_0334,29.5,-79.5
provisional_0335,30.5,-87.5
provisional_0336,31.0,-65.5
provisional_0337,31.5,-88.5
provisional_0338,32.0,-88.5
provisional_0339,32.5,-84.0
provisional_0340,32.5,-83.5
provisional_0341,33.0,-82.5
provisional_0342,33.5,-88.5
provisional_0343,33.5,-82.0
provisional_0344,34.0,-88.5
provisional_0345,34.0,-83.5
provisional_0346,34.5,-80.0
provisional_0347,35.0,-90.0
provisional_0348,35.5,-88.0
provisional_0349,35.5,-86.5
provisional_0350,35.5,-80.5
provisional_0351,36.0,-87.0
provisional_0352,37.0,-84.5
provisional_0353,37.5,-85.5
provisional_0354,37.5,-83.0
provisional_0355,37.5,-79.0
provisional_0356,37.5,-77.5
provisional_0357,38.5,-87.5
provisional_0358,39.0,-75.5
provisional_0359,39.5,-87.5
provisional_0360,39.5,-80.5
provisional_0361,39.5,-75.0
provisional_0362,40.0,-81.5
provisional_0363,40.0,-80.5
provisional_0364,40.5,-85.0
provisional_0365,40.5,-84.5
provisional_0366,41.0,-83.5
provisional_0367,41.0,-82.0
provisional_0368,41.0,-77.5
provisional_0369,41.0,-75.0
provisional_0370,42.0,-72.0
provisional_0371,42.5,-70.0
provisional_0372,43.0,-78.0
provisional_0373,43.0,-72.5
provisional_0374,43.0,-70.0
provisional_0375,43.5,-75.0
provisional_0376,43.5,-74.0
provisional_0377,43.5,-66.5
provisional_0378,44.0,-77.0
provisional_0379,44.0,-67.0
provisional_0380,44.0,-65.5
provisional_0381,44.5,-77.0
provisional_0382,44.5,-67.0
provisional_0383,45.0,-69.0
provisional_0384,46.0,-77.0
provisional_0385,46.0,-76.5
provisional_0386,46.0,-68.5
provisional_0387,46.5,-68.5
provisional_0388,47.0,-77.0
provisional_0389,47.0,-66.0
provisional_0390,48.0,-83.5
provisional_0391,48.0,-80.5
provisional_0392,49.0,-68.0
provisional_0393,49.5,-67.0
provisional_0394,28.0,-88.5
provisional_0395,28.0,-70.0
provisional_0396,30.0,-88.5
provisional_0397,31.0,-88.0
provisional_0398,32.0,-83.0
provisional_0399,32.0,-82.5
provisional_0400,32.0,-80.0
provisional_0401,32.5,-89.0
provisional_0402,32.5,-87.0
provisional_0403,33.0,-88.5
provisional_0404,33.0,-85.0
provisional_0405,33.0,-84.0
provisional_0406,33.5,-83.5
provisional_0407,33.5,-81.0
provisional_0408,34.0,-90.0
provisional_0409,34.0,-87.0
provisional_0410,34.0,-80.5
provisional_0411,34.0,-80.0
provisional_0412,35.0,-77.0
provisional_0413,35.5,-86.0
provisional_0414,35.5,-82.0
provisional_0415,35.5,-80.0
provisional_0416,37.0,-88.0
provisional_0417,37.0,-78.0
provisional_0418,37.5,-89.5
provisional_0419,37.5,-84.5
provisional_0420,38.0,-86.0
provisional_0421,38.0,-85.5
provisional_0422,38.0,-84.5
provisional_0423,38.0,-80.0
provisional_0424,38.0,-79.0
provisional_0425,38.0,-78.5
provisional_0426,38.0,-77.5
provisional_0427,38.5,-82.0
provisional_0428,38.5,-81.5
provisional_0429,38.5,-80.5
provisional_0430,38.5,-77.5
provisional_0431,39.0,-83.5
provisional_0432,39.0,-82.5
provisional_0433,39.0,-82.0
provisional_0434,39.5,-87.0
provisional_0435,39.5,-82.0
provisional_0436,39.5,-78.0
provisional_0437,39.5,-77.5
provisional_0438,39.5,-77.0
provisional_0439,39.5,-74.5
provisional_0440,40.0,-85.0
provisional_0441,40.5,-78.5
provisional_0442,40.5,-78.0
provisional_0443,41.0,-82.5
provisional_0444,41.0,-80.0
provisional_0445,41.0,-73.5
provisional_0446,41.0,-70.5
provisional_0447,41.5,-89.0
provisional_0448,41.5,-83.0
provisional_0449,41.5,-74.0
provisional_0450,42.0,-88.5
provisional_0451,42.0,-85.5
provisional_0452,42.0,-83.5
provisional_0453,42.0,-81.5
provisional_0454,42.0,-80.5
provisional_0455,42.0,-73.0
provisional_0456,42.0,-72.5
provisional_0457,42.0,-70.5
provisional_0458,42.5,-82.5
provisional_0459,42.5,-74.0
provisional_0460,42.5,-73.0
provisional_0461,42.5,-66.0
provisional_0462,43.0,-76.5
provisional_0463,43.0,-75.5
provisional_0464,43.0,-67.5
provisional_0465,43.5,-79.5
provisional_0466,43.5,-76.0
provisional_0467,43.5,-70.0
provisional_0468,44.0,-77.5
provisional_0469,44.0,-73.5
provisional_0470,44.0,-66.0
provisional_0471,44.5,-73.0
provisional_0472,44.5,-72.0
provisional_0473,44.5,-65.5
provisional_0474,45.0,-83.5
provisional_0475,45.0,-73.0
provisional_0476,45.0,-71.5
provisional_0477,45.5,-65.5
provisional_0478,46.0,-81.0
provisional_0479,46.0,-68.0
provisional_0480,46.5,-79.0
provisional_0481,46.5,-73.0
provisional_0482,46.5,-72.0
provisional_0483,46.5,-69.0
provisional_0484,47.5,-66.0
provisional_0485,48.0,-71.5
provisional_0486,48.0,-70.0
provisional_0487,48.0,-69.5
provisional_0488,48.5,-68.5
provisional_0489,48.5,-67.5
provisional_0490,49.0,-68.5
provisional_0491,49.5,-82.0
provisional_0492,49.5,-66.0
provisional_0493,25.5,-87.0
provisional_0494,25.5,-67.0
provisional_0495,26.0,-87.0
provisional_0496,26.0,-86.5
provisional_0497,26.0,-86.0
provisional_0498,26.0,-79.0
provisional_0499,26.0,-67.0
provisional_0500,27.5,-89.5
provisional_0501,27.5,-89.0
provisional_0502,27.5,-71.5
provisional_0503,28.0,-89.5
provisional_0504,28.5,-79.0
provisional_0505,28.5,-66.5
provisional_0506,29.5,-88.5
provisional_0507,29.5,-68.0
provisional_0508,30.0,-79.5
provisional_0509,30.0,-74.5
provisional_0510,31.0,-66.5
provisional_0511,31.5,-90.0
provisional_0512,31.5,-87.5
provisional_0513,32.0,-89.0
provisional_0514,32.0,-88.0
provisional_0515,32.0,-87.5
provisional_0516,32.0,-82.0
provisional_0517,32.0,-66.0
provisional_0518,32.0,-65.5
provisional_0519,32.5,-90.0
provisional_0520,32.5,-84.5
provisional_0521,32.5,-83.0
provisional_0522,32.5,-82.0
provisional_0523,32.5,-81.0
provisional_0524,32.5,-71.0
provisional_0525,33.0,-86.0
provisional_0526,33.0,-81.0
provisional_0527,33.0,-80.0
provisional_0528,33.0,-68.0
provisional_0529,33.5,-90.0
provisional_0530,33.5,-85.0
provisional_0531,33.5,-80.5
provisional_0532,34.0,-89.0
provisional_0533,34.0,-85.0
provisional_0534,34.0,-84.0
provisional_0535,34.5,-89.0
provisional_0536,34.5,-84.0
provisional_0537,34.5,-83.5
provisional_0538,34.5,-81.5
provisional_0539,34.5,-79.5
provisional_0540,35.0,-89.5
provisional_0541,35.0,-80.5
provisional_0542,35.0,-78.0
provisional_0543,35.5,-89.0
provisional_0544,35.5,-87.5
provisional_0545,36.0,-88.5
provisional_0546,36.0,-86.5
provisional_0547,36.0,-79.5
provisional_0548,36.0,-72.0
provisional_0549,36.5,-85.5
provisional_0550,36.5,-85.0
provisional_0551,37.0,-88.5
provisional_0552,37.0,-86.0
provisional_0553,37.0,-85.0
provisional_0554,37.0,-80.0
provisional_0555,37.0,-79.5
provisional_0556,37.0,-77.0
provisional_0557,37.0,-73.5
provisional_0558,37.5,-84.0
provisional_0559,37.5,-80.0
provisional_0560,38.0,-83.0
provisional_0561,38.0,-75.5
provisional_0562,38.5,-89.0
provisional_0563,38.5,-85.0
provisional_0564,38.5,-78.5
provisional_0565,38.5,-78.0
provisional_0566,38.5,-77.0
provisional_0567,38.5,-72.0
provisional_0568,39.0,-89.5
provisional_0569,39.0,-89.0
provisional_0570,39.0,-88.0
provisional_0571,39.0,-83.0
provisional_0572,39.0,-78.0
provisional_0573,39.0,-74.0
provisional_0574,39.0,-73.5
provisional_0575,39.0,-71.5
provisional_0576,39.0,-70.5
provisional_0577,39.5,-89.5
provisional_0578,39.5,-88.5
provisional_0579,39.5,-86.0
provisional_0580,39.5,-80.0
provisional_0581,39.5,-72.0
provisional_0582,39.5,-71.0
provisional_0583,40.0,-87.5
provisional_0584,40.0,-87.0
provisional_0585,40.0,-86.0
provisional_0586,40.0,-79.5
provisional_0587,40.0,-72.0
provisional_0588,40.5,-84.0
provisional_0589,40.5,-81.0
provisional_0590,40.5,-80.5
provisional_0591,40.5,-72.5
provisional_0592,40.5,-71.5
provisional_0593,41.0,-89.5
provisional_0594,41.0,-89.0
provisional_0595,41.0,-85.0
provisional_0596,41.0,-84.0
provisional_0597,41.0,-81.5
provisional_0598,41.0,-79.5
provisional_0599,41.0,-76.0
provisional_0600,41.0,-71.0
provisional_0601,41.0,-69.5
provisional_0602,41.0,-67.5
provisional_0603,41.5,-89.5
provisional_0604,41.5,-88.5
provisional_0605,41.5,-88.0
provisional_0606,41.5,-85.5
provisional_0607,41.5,-85.0
provisional_0608,41.5,-84.0
provisional_0609,41.5,-82.0
provisional_0610,41.5,-80.0
provisional_0611,41.5,-77.5
provisional_0612,41.5,-77.0
provisional_0613,41.5,-75.0
provisional_0614,41.5,-69.5
provisional_0615,42.0,-77.5
provisional_0616,42.0,-74.5
provisional_0617,42.0,-74.0
provisional_0618,42.0,-67.5
provisional_0619,42.0,-66.0
provisional_0620,42.5,-85.0
provisional_0621,42.5,-83.5
provisional_0622,42.5,-80.0
provisional_0623,42.5,-77.0
provisional_0624,42.5,-75.0
provisional_0625,42.5,-67.5
provisional_0626,43.0,-73.5
provisional_0627,43.0,-69.0
provisional_0628,43.5,-80.0
provisional_0629,43.5,-77.5
provisional_0630,43.5,-77.0
provisional_0631,43.5,-69.0
provisional_0632,43.5,-68.5
provisional_0633,43.5,-67.0
provisional_0634,43.5,-66.0
provisional_0635,44.0,-80.5
provisional_0636,44.0,-78.5
provisional_0637,44.0,-73.0
provisional_0638,44.0,-67.5
provisional_0639,44.5,-89.0
provisional_0640,44.5,-87.0
provisional_0641,44.5,-80.5
provisional_0642,44.5,-79.5
provisional_0643,44.5,-79.0
provisional_0644,44.5,-78.5
provisional_0645,44.5,-78.0
provisional_0646,44.5,-72.5
provisional_0647,44.5,-66.5
provisional_0648,45.0,-84.0
provisional_0649,45.0,-80.5
provisional_0650,45.0,-80.0
provisional_0651,45.0,-79.5
provisional_0652,45.0,-72.0
provisional_0653,45.5,-89.0
provisional_0654,45.5,-84.0
provisional_0655,45.5,-72.0
provisional_0656,45.5,-70.0
provisional_0657,45.5,-68.5
provisional_0658,45.5,-67.0
provisional_0659,46.0,-79.0
provisional_0660,46.0,-77.5
provisional_0661,46.0,-71.5
provisional_0662,46.0,-71.0
provisional_0663,46.5,-81.5
provisional_0664,46.5,-74.5
provisional_0665,46.5,-73.5
provisional_0666,46.5,-68.0
provisional_0667,46.5,-65.5
provisional_0668,47.0,-79.5
provisional_0669,47.0,-76.0
provisional_0670,47.0,-75.5
provisional_0671,47.0,-72.5
provisional_0672,47.0,-69.5
provisional_0673,47.0,-69.0
provisional_0674,47.5,-73.0
provisional_0675,47.5,-71.5
provisional_0676,47.5,-68.5
provisional_0677,47.5,-68.0
provisional_0678,48.0,-79.0
provisional_0679,48.0,-78.5
provisional_0680,48.0,-72.0
provisional_0681,48.0,-71.0
provisional_0682,48.5,-69.5
provisional_0683,48.5,-69.0
provisional_0684,48.5,-66.0
provisional_0685,49.0,-83.0
provisional_0686,49.0,-81.5
provisional_0687,49.0,-81.0
provisional_0688,25.0,-90.0
provisional_0689,25.0,-89.5
provisional_0690,25.0,-89.0
provisional_0691,25.0,-88.5
provisional_0692,25.0,-88.0
provisional_0693,25.0,-87.5
provisional_0694,25.0,-87.0
provisional_0695,25.0,-86.5
provisional_0696,25.0,-86.0
provisional_0697,25.0,-85.5
provisional_0698,25.0,-85.0
provisional_0699,25.0,-84.5
provisional_0700,25.0,-84.0
provisional_0701,25.0,-83.5
provisional_0702,25.0,-83.0
provisional_0703,25.0,-82.5
provisional_0704,25.0,-82.0
provisional_0705,25.0,-81.5
provisional_0706,25.0,-81.0
provisional_0707,25.0,-80.5
provisional_0708,25.0,-80.0
provisional_0709,25.0,-79.5
provisional_0710,25.0,-79.0
provisional_0711,25.0,-78.5
provisional_0712,25.0,-78.0
provisional_0713,25.0,-77.5
provisional_0714,25.0,-77.0
provisional_0715,25.0,-76.5
provisional_0716,25.0,-76.0
provisional_0717,25.0,-75.5
provisional_0718,25.0,-75.0
provisional_0719,25.0,-74.5
provisional_0720,25.0,-74.0
provisional_0721,25.0,-73.5
provisional_0722,25.0,-73.0
provisional_0723,25.0,-72.5
provisional_0724,25.0,-72.0
provisional_0725,25.0,-71.5
provisional_0726,25.0,-71.0
provisional_0727,25.0,-70.5
provisional_0728,25.0,-70.0
provisional_0729,25.0,-69.5
provisional_0730,25.0,-69.0
provisional_0731,25.0,-68.5
provisional_0732,25.0,-68.0
provisional_0733,25.0,-67.5
provisional_0734,25.0,-67.0
provisional_0735,25.0,-66.5
provisional_0736,25.0,-66.0
provisional_0737,25.0,-65.5
provisional_0738,25.5,-90.0
provisional_0739,25.5,-89.5
provisional_0740,25.5,-89.0
provisional_0741,25.5,-88.5
provisional_0742,25.5,-88.0
provisional_0743,25.5,-87.5
provisional_0744,25.5,-86.5
provisional_0745,25.5,-86.0
provisional_0746,25.5,-85.5
provisional_0747,25.5,-85.0
provisional_0748,25.5,-84.5
provisional_0749,25.5,-84.0
provisional_0750,25.5,-83.5
provisional_0751,25.5,-83.0
provisional_0752,25.5,-82.5
provisional_0753,25.5,-82.0
provisional_0754,25.5,-81.5
provisional_0755,25.5,-81.0
provisional_0756,25.5,-80.5
provisional_0757,25.5,-80.0
provisional_0758,25.5,-79.5
provisional_0759,25.5,-79.0
provisional_0760,25.5,-78.5
provisional_0761,25.5,-78.0
provisional_0762,25.5,-77.5
provisional_0763,25.5,-77.0
provisional_0764,25.5,-76.5
provisional_0765,25.5,-76.0
provisional_0766,25.5,-75.5
provisional_0767,25.5,-75.0
provisional_0768,25.5,-74.5
provisional_0769,25.5,-74.0
provisional_0770,25.5,-73.5
provisional_0771,25.5,-73.0
provisional_0772,25.5,-72.5
provisional_0773,25.5,-72.0
provisional_0774,25.5,-71.5
provisional_0775,25.5,-71.0
provisional_0776,25.5,-70.5
provisional_0777,25.5,-70.0
provisional_0778,25.5,-69.5
provisional_0779,25.5,-69.0
provisional_0780,25.5,-68.5
provisional_0781,25.5,-68.0
provisional_0782,25.5,-67.5
provisional_0783,25.5,-66.5
provisional_0784,25.5,-66.0
provisional_0785,25.5,-65.5
provisional_0786,26.0,-90.0
provisional_0787,26.0,-89.5
provisional_0788,26.0,-89.0
provisional_0789,26.0,-88.5
provisional_0790,26.0,-88.0
provisional_0791,26.0,-87.5
provisional_0792,26.0,-85.5
provisional_0793,26.0,-85.0
provisional_0794,26.0,-84.5
provisional_0795,26.0,-84.0
provisional_0796,26.0,-83.5
provisional_0797,26.0,-83.0
provisional_0798,26.0,-82.5
provisional_0799,26.0,-82.0
provisional_0800,26.0,-81.5
provisional_0801,26.0,-81.0
provisional_0802,26.0,-80.5
provisional_0803,26.0,-80.0
provisional_0804,26.0,-79.5
provisional_0805,26.0,-78.5
provisional_0806,26.0,-78.0
provisional_0807,26.0,-77.5
provisional_0808,26.0,-77.0
provisional_0809,26.0,-76.5
provisional_0810,26.0,-76.0
provisional_0811,26.0,-75.5
provisional_0812,26.0,-75.0
provisional_0813,26.0,-74.5
provisional_0814,26.0,-74.0
provisional_0815,26.0,-73.5
provisional_0816,26.0,-73.0
provisional_0817,26.0,-72.5
provisional_0818,26.0,-72.0
provisional_0819,26.0,-71.5
provisional_0820,26.0,-71.0
provisional_0821,26.0,-70.5
provisional_0822,26.0,-70.0
provisional_0823,26.0,-69.5
provisional_0824,26.0,-69.0
provisional_0825,26.0,-68.5
provisional_0826,26.0,-68.0
provisional_0827,26.0,-67.5
provisional_0828,26.0,-66.5
provisional_0829,26.0,-66.0
provisional_0830,26.0,-65.5
provisional_0831,26.5,-90.0
provisional_0832,26.5,-89.5
provisional_0833,26.5,-89.0
provisional_0834,26.5,-88.5
provisional_0835,26.5,-88.0
provisional_0836,26.5,-87.5
provisional_0837,26.5,-87.0
provisional_0838,26.5,-86.5
provisional_0839,26.5,-86.0
provisional_0840,26.5,-85.5
provisional_0841,26.5,-85.0
provisional_0842,26.5,-84.5
provisional_0843,26.5,-84.0
provisional_0844,26.5,-83.5
provisional_0845,26.5,-83.0
provisional_0846,26.5,-82.5
provisional_0847,26.5,-82.0
provisional_0848,26.5,-81.5
provisional_0849,26.5,-81.0
provisional_0850,26.5,-80.5
provisional_0851,26.5,-80.0
provisional_0852,26.5,-79.5
provisional_0853,26.5,-79.0
provisional_0854,26.5,-78.5
provisional_0855,26.5,-78.0
provisional_0856,26.5,-77.5
provisional_0857,26.5,-77.0
provisional_0858,26.5,-76.5
provisional_0859,26.5,-76.0
provisional_0860,26.5,-75.5
provisional_0861,26.5,-75.0
provisional_0862,26.5,-74.5
provisional_0863,26.5,-74.0
provisional_0864,26.5,-73.5
provisional_0865,26.5,-73.0
provisional_0866,26.5,-72.5
provisional_0867,26.5,-72.0
provisional_0868,26.5,-71.5
provisional_0869,26.5,-71.0
provisional_0870,26.5,-70.5
provisional_0871,26.5,-70.0
provisional_0872,26.5,-69.5
provisional_0873,26.5,-69.0
provisional_0874,26.5,-68.5
provisional_0875,26.5,-68.0
provisional_0876,26.5,-67.5
provisional_0877,26.5,-67.0
provisional_0878,26.5,-66.5
provisional_0879,26.5,-66.0
provisional_0880,26.5,-65.5
provisional_0881,27.0,-90.0
provisional_0882,27.0,-89.5
provisional_0883,27.0,-89.0
provisional_0884,27.0,-88.5
provisional_0885,27.0,-88.0
provisional_0886,27.0,-87.5
provisional_0887,27.0,-87.0
provisional_0888,27.0,-86.5
provisional_0889,27.0,-86.0
provisional_0890,27.0,-85.5
provisional_0891,27.0,-85.0
provisional_0892,27.0,-84.5
provisional_0893,27.0,-84.0
provisional_0894,27.0,-83.5
provisional_0895,27.0,-83.0
provisional_0896,27.0,-82.5
provisional_0897,27.0,-82.0
provisional_0898,27.0,-81.5
provisional_0899,27.0,-81.0
provisional_0900,27.0,-80.5
provisional_0901,27.0,-80.0
provisional_0902,27.0,-79.5
provisional_0903,27.0,-79.0
provisional_0904,27.0,-78.5
provisional_0905,27.0,-78.0
provisional_0906,27.0,-77.5
provisional_0907,27.0,-77.0
provisional_0908,27.0,-76.5
provisional_0909,27.0,-76.0
provisional_0910,27.0,-75.5
provisional_0911,27.0,-75.0
provisional_0912,27.0,-74.5
provisional_0913,27.0,-74.0
provisional_0914,27.0,-73.5
provisional_0915,27.0,-73.0
provisional_0916,27.0,-72.5
provisional_0917,27.0,-72.0
provisional_0918,27.0,-71.5
provisional_0919,27.0,-71.0
provisional_0920,27.0,-70.5
provisional_0921,27.0,-70.0
provisional_0922,27.0,-69.5
provisional_0923,27.0,-69.0
provisional_0924,27.0,-68.5
provisional_0925,27.0,-68.0
provisional_0926,27.0,-67.5
provisional_0927,27.0,-67.0
provisional_0928,27.0,-66.5
provisional_0929,27.0,-66.0
provisional_0930,27.0,-65.5
provisional_0931,27.5,-90.0
provisional_0932,27.5,-88.5
provisional_0933,27.5,-88.0
provisional_0934,27.5,-87.5
provisional_0935,27.5,-87.0
provisional_0936,27.5,-86.5
provisional_0937,27.5,-86.0
provisional_0938,27.5,-85.5
provisional_0939,27.5,-85.0
provisional_0940,27.5,-84.5
provisional_0941,27.5,-84.0
provisional_0942,27.5,-83.5
provisional_0943,27.5,-83.0
provisional_0944,27.5,-82.5
provisional_0945,27.5,-82.0
provisional_0946,27.5,-81.5
provisional_0947,27.5,-81.0
provisional_0948,27.5,-80.5
provisional_0949,27.5,-80.0
provisional_0950,27.5,-79.5
provisional_0951,27.5,-79.0
provisional_0952,27.5,-78.5
provisional_0953,27.5,-78.0
provisional_0954,27.5,-77.5
provisional_0955,27.5,-77.0
provisional_0956,27.5,-76.5
provisional_0957,27.5,-76.0
provisional_0958,27.5,-75.5
provisional_0959,27.5,-75.0
provisional_0960,27.5,-74.5
provisional_0961,27.5,-74.0
provisional_0962,27.5,-73.5
provisional_0963,27.5,-73.0
provisional_0964,27.5,-72.5
provisional_0965,27.5,-72.0
provisional_0966,27.5,-71.0
provisional_0967,27.5,-70.5
provisional_0968,27.5,-70.0
provisional_0969,27.5,-69.5
provisional_0970,27.5,-69.0
provisional_0971,27.5,-68.5
provisional_0972,27.5,-68.0
provisional_0973,27.5,-67.5
provisional_0974,27.5,-67.0
provisional_0975,27.5,-66.5
provisional_0976,27.5,-66.0
provisional_0977,27.5,-65.5
provisional_0978,28.0,-90.0
provisional_0979,28.0,-89.0
provisional_0980,28.0,-88.0
provisional_0981,28.0,-87.5
provisional_0982,28.0,-87.0
provisional_0983,28.0,-86.5
provisional_0984,28.0,-86.0
provisional_0985,28.0,-85.5
provisional_0986,28.0,-85.0
provisional_0987,28.0,-84.5
provisional_0988,28.0,-84.0
provisional_0989,28.0,-83.5
provisional_0990,28.0,-83.0
provisional_0991,28.0,-82.5
provisional_0992,28.0,-82.0
provisional_0993,28.0,-81.5
provisional_0994,28.0,-81.0
provisional_0995,28.0,-80.5
provisional_0996,28.0,-80.0
provisional_0997,28.0,-79.5
provisional_0998,28.0,-79.0
provisional_0999,28.0,-78.5
provisional_1000,28.0,-78.0
provisional_1001,28.0,-77.5
provisional_1002,28.0,-77.0
provisional_1003,28.0,-76.5
provisional_1004,28.0,-76.0
provisional_1005,28.0,-75.5
provisional_1006,28.0,-75.0
provisional_1007,28.0,-74.5
provisional_1008,28.0,-74.0
provisional_1009,28.0,-73.5
provisional_1010,28.0,-73.0
provisional_1011,28.0,-72.5
provisional_1012,28.0,-72.0
provisional_1013,28.0,-71.5
provisional_1014,28.0,-71.0
provisional_1015,28.0,-70.5
provisional_1016,28.0,-69.5
provisional_1017,28.0,-69.0
provisional_1018,28.0,-68.5
provisional_1019,28.0,-68.0
provisional_1020,28.0,-67.5
provisional_1021,28.0,-67.0
provisional_1022,28.0,-66.5
provisional_1023,28.0,-66.0
provisional_1024,28.0,-65.5
provisional_1025,28.5,-90.0
provisional_1026,28.5,-89.5
provisional_1027,28.5,-89.0
provisional_1028,28.5,-88.5
provisional_1029,28.5,-88.0
provisional_1030,28.5,-87.5
provisional_1031,28.5,-87.0
provisional_1032,28.5,-86.5
provisional_1033,28.5,-86.0
provisional_1034,28.5,-85.5
provisional_1035,28.5,-85.0
provisional_1036,28.5,-84.5
provisional_1037,28.5,-84.0
provisional_1038,28.5,-83.5
provisional_1039,28.5,-83.0
provisional_1040,28.5,-82.5
provisional_1041,28.5,-82.0
provisional_1042,28.5,-81.5
provisional_1043,28.5,-81.0
provisional_1044,28.5,-80.5
provisional_1045,28.5,-80.0
provisional_1046,28.5,-79.5
provisional_1047,28.5,-78.5
provisional_1048,28.5,-78.0
provisional_1049,28.5,-77.5
provisional_1050,28.5,-77.0
provisional_1051,28.5,-76.5
provisional_1052,28.5,-76.0
provisional_1053,28.5,-75.5
provisional_1054,28.5,-75.0
provisional_1055,28.5,-74.5
provisional_1056,28.5,-74.0
provisional_1057,28.5,-73.5
provisional_1058,28.5,-73.0
provisional_1059,28.5,-72.5
provisional_1060,28.5,-72.0
provisional_1061,28.5,-71.5
provisional_1062,28.5,-71.0
provisional_1063,28.5,-70.5
provisional_1064,28.5,-70.0
provisional_1065,28.5,-69.5
provisional_1066,28.5,-69.0
provisional_1067,28.5,-68.5
provisional_1068,28.5,-68.0
provisional_1069,28.5,-67.5
provisional_1070,28.5,-67.0
provisional_1071,28.5,-66.0
provisional_1072,28.5,-65.5
provisional_1073,29.0,-90.0
provisional_1074,29.0,-89.5
provisional_1075,29.0,-89.0
provisional_1076,29.0,-88.5
provisional_1077,29.0,-88.0
provisional_1078,29.0,-87.5
provisional_1079,29.0,-87.0
provisional_1080,29.0,-86.5
provisional_1081,29.0,-86.0
provisional_1082,29.0,-85.5
provisional_1083,29.0,-85.0
provisional_1084,29.0,-84.5
provisional_1085,29.0,-84.0
provisional_1086,29.0,-83.5
provisional_1087,29.0,-83.0
provisional_1088,29.0,-82.5
provisional_1089,29.0,-82.0
provisional_1090,29.0,-81.5
provisional_1091,29.0,-81.0
provisional_1092,29.0,-80.5
provisional_1093,29.0,-80.0
provisional_1094,29.0,-79.5
provisional_1095,29.0,-79.0
provisional_1096,29.0,-78.5
provisional_1097,29.0,-78.0
provisional_1098,29.0,-77.5
provisional_1099,29.0,-77.0
provisional_1100,29.0,-76.5
provisional_1101,29.0,-76.0
provisional_1102,29.0,-75.5
provisional_1103,29.0,-75.0
provisional_1104,29.0,-74.5
provisional_1105,29.0,-74.0
provisional_1106,29.0,-73.5
provisional_1107,29.0,-73.0
provisional_1108,29.0,-72.5
provisional_1109,29.0,-72.0
provisional_1110,29.0,-71.5
provisional_1111,29.0,-71.0
provisional_1112,29.0,-70.5
provisional_1113,29.0,-70.0
provisional_1114,29.0,-69.5
provisional_1115,29.0,-69.0
provisional_1116,29.0,-68.5
provisional_1117,29.0,-68.0
provisional_1118,29.0,-67.5
provisional_1119,29.0,-67.0
provisional_1120,29.0,-66.5
provisional_1121,29.0,-66.0
provisional_1122,29.0,-65.5
provisional_1123,29.5,-90.0
provisional_1124,29.5,-89.5
provisional_1125,29.5,-89.0
provisional_1126,29.5,-88.0
provisional_1127,29.5,-87.5
provisional_1128,29.5,-87.0
provisional_1129,29.5,-86.5
provisional_1130,29.5,-86.0
provisional_1131,29.5,-85.5
provisional_1132,29.5,-85.0
provisional_1133,29.5,-84.5
provisional_1134,29.5,-84.0
provisional_1135,29.5,-83.5
provisional_1136,29.5,-83.0
provisional_1137,29.5,-82.5
provisional_1138,29.5,-82.0
provisional_1139,29.5,-81.5
provisional_1140,29.5,-81.0
provisional_1141,29.5,-80.5
provisional_1142,29.5,-80.0
provisional_1143,29.5,-79.0
provisional_1144,29.5,-78.5
provisional_1145,29.5,-78.0
provisional_1146,29.5,-77.5
provisional_1147,29.5,-77.0
provisional_1148,29.5,-76.5
provisional_1149,29.5,-76.0
provisional_1150,29.5,-75.5
provisional_1151,29.5,-75.0
provisional_1152,29.5,-74.5
provisional_1153,29.5,-74.0
provisional_1154,29.5,-73.5
provisional_1155,29.5,-73.0
provisional_1156,29.5,-72.5
provisional_1157,29.5,-72.0
provisional_1158,29.5,-71.5
provisional_1159,29.5,-71.0
provisional_1160,29.5,-70.5
provisional_1161,29.5,-70.0
provisional_1162,29.5,-69.5
provisional_1163,29.5,-69.0
provisional_1164,29.5,-68.5
provisional_1165,29.5,-67.5
provisional_1166,29.5,-67.0
provisional_1167,29.5,-66.5
provisional_1168,29.5,-66.0
provisional_1169,29.5,-65.5
provisional_1170,30.0,-90.0
provisional_1171,30.0,-89.5
provisional_1172,30.0,-89.0
provisional_1173,30.0,-88.0
provisional_1174,30.0,-87.5
provisional_1175,30.0,-87.0
provisional_1176,30.0,-86.5
provisional_1177,30.0,-86.0
provisional_1178,30.0,-85.5
provisional_1179,30.0,-85.0
provisional_1180,30.0,-84.5
provisional_1181,30.0,-84.0
provisional_1182,30.0,-83.5
provisional_1183,30.0,-83.0
provisional_1184,30.0,-82.5
provisional_1185,30.0,-82.0
provisional_1186,30.0,-81.5
provisional_1187,30.0,-81.0
provisional_1188,30.0,-80.5
provisional_1189,30.0,-79.0
provisional_1190,30.0,-78.5
provisional_1191,30.0,-78.0
provisional_1192,30.0,-77.5
provisional_1193,30.0,-77.0
provisional_1194,30.0,-76.5
provisional_1195,30.0,-76.0
provisional_1196,30.0,-75.5
provisional_1197,30.0,-75.0
provisional_1198,30.0,-74.0
provisional_1199,30.0,-73.5
provisional_1200,30.0,-73.0
provisional_1201,30.0,-72.5
provisional_1202,30.0,-72.0
provisional_1203,30.0,-71.5
provisional_1204,30.0,-71.0
provisional_1205,30.0,-70.5
provisional_1206,30.0,-70.0
provisional_1207,30.0,-69.5
provisional_1208,30.0,-69.0
provisional_1209,30.0,-68.5
provisional_1210,30.0,-68.0
provisional_1211,30.0,-67.5
provisional_1212,30.0,-67.0
provisional_1213,30.0,-66.5
provisional_1214,30.0,-66.0
provisional_1215,30.0,-65.5
provisional_1216,30.5,-90.0
provisional_1217,30.5,-89.5
provisional_1218,30.5,-89.0
provisional_1219,30.5,-88.5
provisional_1220,30.5,-88.0
provisional_1221,30.5,-87.0
provisional_1222,30.5,-86.5
provisional_1223,30.5,-86.0
provisional_1224,30.5,-85.5
provisional_1225,30.5,-85.0
provisional_1226,30.5,-84.5
provisional_1227,30.5,-84.0
provisional_1228,30.5,-83.5
provisional_1229,30.5,-83.0
provisional_1230,30.5,-82.5
provisional_1231,30.5,-82.0
provisional_1232,30.5,-81.5
provisional_1233,30.5,-81.0
provisional_1234,30.5,-80.5
provisional_1235,30.5,-80.0
provisional_1236,30.5,-79.5
provisional_1237,30.5,-79.0
provisional_1238,30.5,-78.5
provisional_1239,30.5,-78.0
provisional_1240,30.5,-77.5
provisional_1241,30.5,-77.0
provisional_1242,30.5,-76.5
provisional_1243,30.5,-76.0
provisional_1244,30.5,-75.5
provisional_1245,30.5,-75.0
provisional_1246,30.5,-74.5
provisional_1247,30.5,-74.0
provisional_1248,30.5,-73.5
provisional_1249,30.5,-73.0
provisional_1250,30.5,-72.5
provisional_1251,30.5,-72.0
provisional_1252,30.5,-71.5
provisional_1253,30.5,-71.0
provisional_1254,30.5,-70.5
provisional_1255,30.5,-70.0
provisional_1256,30.5,-69.5
provisional_1257,30.5,-69.0
provisional_1258,30.5,-68.5
provisional_1259,30.5,-68.0
provisional_1260,30.5,-67.5
provisional_1261,30.5,-67.0
provisional_1262,30.5,-66.5
provisional_1263,30.5,-66.0
provisional_1264,30.5,-65.5
provisional_1265,31.0,-90.0
provisional_1266,31.0,-89.5
provisional_1267,31.0,-89.0
provisional_1268,31.0,-88.5
provisional_1269,31.0,-87.0
provisional_1270,31.0,-86.5
provisional_1271,31.0,-86.0
provisional_1272,31.0,-85.5
provisional_1273,31.0,-85.0
provisional_1274,31.0,-84.5
provisional_1275,31.0,-84.0
provisional_1276,31.0,-83.5
provisional_1277,31.0,-83.0
provisional_1278,31.0,-82.5
provisional_1279,31.0,-82.0
provisional_1280,31.0,-81.5
provisional_1281,31.0,-81.0
provisional_1282,31.0,-80.5
provisional_1283,31.0,-80.0
provisional_1284,31.0,-79.5
provisional_1285,31.0,-79.0
provisional_1286,31.0,-78.5
provisional_1287,31.0,-78.0
provisional_1288,31.0,-77.5
provisional_1289,31.0,-77.0
provisional_1290,31.0,-76.5
provisional_1291,31.0,-76.0
provisional_1292,31.0,-75.5
provisional_1293,31.0,-75.0
provisional_1294,31.0,-74.5
provisional_1295,31.0,-74.0
provisional_1296,31.0,-73.5
provisional_1297,31.0,-73.0
provisional_1298,31.0,-72.5
provisional_1299,31.0,-72.0
provisional_1300,31.0,-71.5
provisional_1301,31.0,-71.0
provisional_1302,31.0,-70.5
provisional_1303,31.0,-70.0
provisional_1304,31.0,-69.5
provisional_1305,31.0,-69.0
provisional_1306,31.0,-68.5
provisional_1307,31.0,-68.0
provisional_1308,31.0,-67.5
provisional_1309,31.0,-67.0
provisional_1310,31.0,-66.0
provisional_1311,31.5,-89.5
provisional_1312,31.5,-89.0
provisional_1313,31.5,-88.0
provisional_1314,31.5,-87.0
provisional_1315,31.5,-86.5
provisional_1316,31.5,-86.0
provisional_1317,31.5,-85.5
provisional_1318,31.5,-85.0
provisional_1319,31.5,-84.5
provisional_1320,31.5,-84.0
provisional_1321,31.5,-83.5
provisional_1322,31.5,-83.0
provisional_1323,31.5,-82.5
provisional_1324,31.5,-82.0
provisional_1325,31.5,-81.5
provisional_1326,31.5,-81.0
provisional_1327,31.5,-80.5
provisional_1328,31.5,-80.0
provisional_1329,31.5,-79.5
provisional_1330,31.5,-79.0
provisional_1331,31.5,-78.5
provisional_1332,31.5,-78.0
provisional_1333,31.5,-77.5
provisional_1334,31.5,-77.0
provisional_1335,31.5,-76.5
provisional_1336,31.5,-76.0
provisional_1337,31.5,-75.5
provisional_1338,31.5,-75.0
provisional_1339,31.5,-74.5
provisional_1340,31.5,-74.0
provisional_1341,31.5,-73.5
provisional_1342,31.5,-73.0
provisional_1343,31.5,-72.5
provisional_1344,31.5,-72.0
provisional_1345,31.5,-71.5
provisional_1346,31.5,-71.0
provisional_1347,31.5,-70.5
provisional_1348,31.5,-70.0
provisional_1349,31.5,-69.5
provisional_1350,31.5,-69.0
provisional_1351,31.5,-68.5
provisional_1352,31.5,-68.0
provisional_1353,31.5,-67.5
provisional_1354,31.5,-67.0
provisional_1355,31.5,-66.5
provisional_1356,31.5,-66.0
provisional_1357,31.5,-65.5
provisional_1358,32.0,-90.0
provisional_1359,32.0,-89.5
provisional_1360,32.0,-87.0
provisional_1361,32.0,-86.5
provisional_1362,32.0,-86.0
provisional_1363,32.0,-85.5
provisional_1364,32.0,-85.0
provisional_1365,32.0,-84.5
provisional_1366,32.0,-84.0
provisional_1367,32.0,-83.5
provisional_1368,32.0,-81.5
provisional_1369,32.0,-81.0
provisional_1370,32.0,-80.5
provisional_1371,32.0,-79.5
provisional_1372,32.0,-79.0
provisional_1373,32.0,-78.5
provisional_1374,32.0,-78.0
provisional_1375,32.0,-77.5
provisional_1376,32.0,-77.0
provisional_1377,32.0,-76.5
provisional_1378,32.0,-76.0
provisional_1379,32.0,-75.5
provisional_1380,32.0,-75.0
provisional_1381,32.0,-74.5
provisional_1382,32.0,-74.0
provisional_1383,32.0,-73.5
provisional_1384,32.0,-73.0
provisional_1385,32.0,-72.5
provisional_1386,32.0,-72.0
provisional_1387,32.0,-71.5
provisional_1388,32.0,-71.0
provisional_1389,32.0,-70.5
provisional_1390,32.0,-70.0
provisional_1391,32.0,-69.5
provisional_1392,32.0,-69.0
provisional_1393,32.0,-68.5
provisional_1394,32.0,-68.0
provisional_1395,32.0,-67.5
provisional_1396,32.0,-67.0
provisional_1397,32.0,-66.5
provisional_1398,32.5,-89.5
provisional_1399,32.5,-86.5
provisional_1400,32.5,-86.0
provisional_1401,32.5,-85.5
provisional_1402,32.5,-85.0
provisional_1403,32.5,-82.5
provisional_1404,32.5,-81.5
provisional_1405,32.5,-80.0
provisional_1406,32.5,-79.5
provisional_1407,32.5,-79.0
provisional_1408,32.5,-78.5
provisional_1409,32.5,-78.0
provisional_1410,32.5,-77.5
provisional_1411,32.5,-77.0
provisional_1412,32.5,-76.5
provisional_1413,32.5,-76.0
provisional_1414,32.5,-75.5
provisional_1415,32.5,-75.0
provisional_1416,32.5,-74.5
provisional_1417,32.5,-74.0
provisional_1418,32.5,-73.5
provisional_1419,32.5,-73.0
provisional_1420,32.5,-72.5
provisional_1421,32.5,-72.0
provisional_1422,32.5,-71.5
provisional_1423,32.5,-70.5
provisional_1424,32.5,-70.0
provisional_1425,32.5,-69.5
provisional_1426,32.5,-69.0
provisional_1427,32.5,-68.5
provisional_1428,32.5,-68.0
provisional_1429,32.5,-67.5
provisional_1430,32.5,-67.0
provisional_1431,32.5,-66.5
provisional_1432,32.5,-66.0
provisional_1433,32.5,-65.5
provisional_1434,33.0,-90.0
provisional_1435,33.0,-89.5
provisional_1436,33.0,-89.0
provisional_1437,33.0,-85.5
provisional_1438,33.0,-84.5
provisional_1439,33.0,-79.5
provisional_1440,33.0,-79.0
provisional_1441,33.0,-78.5
provisional_1442,33.0,-78.0
provisional_1443,33.0,-77.5
provisional_1444,33.0,-77.0
provisional_1445,33.0,-76.5
provisional_1446,33.0,-76.0
provisional_1447,33.0,-75.5
provisional_1448,33.0,-75.0
provisional_1449,33.0,-74.5
provisional_1450,33.0,-74.0
provisional_1451,33.0,-73.5
provisional_1452,33.0,-73.0
provisional_1453,33.0,-72.5
provisional_1454,33.0,-72.0
provisional_1455,33.0,-71.5
provisional_1456,33.0,-71.0
provisional_1457,33.0,-70.5
provisional_1458,33.0,-70.0
provisional_1459,33.0,-69.5
provisional_1460,33.0,-69.0
provisional_1461,33.0,-68.5
provisional_1462,33.0,-67.5
provisional_1463,33.0,-67.0
provisional_1464,33.0,-66.5
provisional_1465,33.0,-66.0
provisional_1466,33.0,-65.5
provisional_1467,33.5,-89.5
provisional_1468,33.5,-89.0
provisional_1469,33.5,-85.5
provisional_1470,33.5,-84.0
provisional_1471,33.5,-80.0
provisional_1472,33.5,-79.5
provisional_1473,33.5,-79.0
provisional_1474,33.5,-78.5
provisional_1475,33.5,-78.0
provisional_1476,33.5,-77.5
provisional_1477,33.5,-77.0
provisional_1478,33.5,-76.5
provisional_1479,33.5,-76.0
provisional_1480,33.5,-75.5
provisional_1481,33.5,-75.0
provisional_1482,33.5,-74.5
provisional_1483,33.5,-74.0
provisional_1484,33.5,-73.5
provisional_1485,33.5,-73.0
provisional_1486,33.5,-72.5
provisional_1487,33.5,-72.0
provisional_1488,33.5,-71.5
provisional_1489,33.5,-71.0
provisional_1490,33.5,-70.5
provisional_1491,33.5,-70.0
provisional_1492,33.5,-69.5
provisional_1493,33.5,-69.0
provisional_1494,33.5,-68.5
provisional_1495,33.5,-68.0
provisional_1496,33.5,-67.5
provisional_1497,33.5,-67.0
provisional_1498,33.5,-66.5
provisional_1499,33.5,-66.0
provisional_1500,33.5,-65.5
provisional_1501,34.0,-89.5
provisional_1502,34.0,-82.0
provisional_1503,34.0,-79.5
provisional_1504,34.0,-79.0
provisional_1505,34.0,-78.5
provisional_1506,34.0,-78.0
provisional_1507,34.0,-77.5
provisional_1508,34.0,-77.0
provisional_1509,34.0,-76.5
provisional_1510,34.0,-76.0
provisional_1511,34.0,-75.5
provisional_1512,34.0,-75.0
provisional_1513,34.0,-74.5
provisional_1514,34.0,-74.0
provisional_1515,34.0,-73.5
provisional_1516,34.0,-73.0
provisional_1517,34.0,-72.5
provisional_1518,34.0,-72.0
provisional_1519,34.0,-71.5
provisional_1520,34.0,-71.0
provisional_1521,34.0,-70.5
provisional_1522,34.0,-70.0
provisional_1523,34.0,-69.5
provisional_1524,34.0,-69.0
provisional_1525,34.0,-68.5
provisional_1526,34.0,-68.0
provisional_1527,34.0,-67.5
provisional_1528,34.0,-67.0
provisional_1529,34.0,-66.5
provisional_1530,34.0,-66.0
provisional_1531,34.0,-65.5
provisional_1532,34.5,-90.0
provisional_1533,34.5,-89.5
provisional_1534,34.5,-79.0
provisional_1535,34.5,-78.5
provisional_1536,34.5,-78.0
provisional_1537,34.5,-77.5
provisional_1538,34.5,-77.0
provisional_1539,34.5,-76.5
provisional_1540,34.5,-76.0
provisional_1541,34.5,-75.5
provisional_1542,34.5,-75.0
provisional_1543,34.5,-74.5
provisional_1544,34.5,-74.0
provisional_1545,34.5,-73.5
provisional_1546,34.5,-73.0
provisional_1547,34.5,-72.5
provisional_1548,34.5,-72.0
provisional_1549,34.5,-71.5
provisional_1550,34.5,-71.0
